scenario,year,units,price,variable_cost_per_unit,fixed_cost,revenue,variable_cost,operating_profit,operating_margin
Downside,2026,1000.0,120.0,58.0,45000.0,120000.0,58000.0,17000.0,0.1417
Downside,2027,1015.0,120.6,59.74,46575.0,122409.0,60636.1,15197.9,0.1242
Downside,2028,1030.2,121.2,61.53,48205.12,124866.36,63392.01,13269.22,0.1063
Base,2026,1000.0,120.0,58.0,45000.0,120000.0,58000.0,17000.0,0.1417
Base,2027,1030.0,121.2,59.16,46125.0,124836.0,60934.8,17776.2,0.1424
Base,2028,1060.9,122.41,60.34,47278.12,129866.89,64018.1,18570.66,0.143
Upside,2026,1000.0,120.0,58.0,45000.0,120000.0,58000.0,17000.0,0.1417
Upside,2027,1045.0,121.8,58.87,45900.0,127281.0,61519.15,19861.85,0.156
Upside,2028,1092.0,123.63,59.75,46818.0,135003.77,65251.82,22933.95,0.1699
