volume_growth,price,2028_operating_profit
0.015,108,1819.1017799999827
0.015,112,5940.001779999991
0.015,116,10060.901779999986
0.015,120,14181.80177999998
0.015,124,18302.70177999999
0.015,128,22423.601779999983
0.015,132,26544.501779999977
0.02,108,2304.009720000009
0.02,112,6465.609720000015
0.02,116,10627.209720000006
0.02,120,14788.809720000012
0.02,124,18950.409719999996
0.02,128,23112.009720000002
0.02,132,27273.609720000008
0.025,108,2791.300500000005
0.025,112,6993.800500000005
0.025,116,11196.300500000005
0.025,120,15398.800500000005
0.025,124,19601.300500000012
0.025,128,23803.800500000012
0.025,132,28006.300500000012
0.030000000000000002,108,3280.9741199999917
0.030000000000000002,112,7524.5741199999975
0.030000000000000002,116,11768.174119999989
0.030000000000000002,120,16011.774119999995
0.030000000000000002,124,20255.374119999993
0.030000000000000002,128,24498.97412
0.030000000000000002,132,28742.574120000005
0.035,108,3773.0305799999987
0.035,112,8057.930579999993
0.035,116,12342.830580000002
0.035,120,16627.730579999996
0.035,124,20912.630579999997
0.035,128,25197.53057999999
0.035,132,29482.430579999986
0.04000000000000001,108,4267.4698800000115
0.04000000000000001,112,8593.869880000006
0.04000000000000001,116,12920.269880000014
0.04000000000000001,120,17246.66988000001
0.04000000000000001,124,21573.069880000025
0.04000000000000001,128,25899.46988000002
0.04000000000000001,132,30225.869880000013
0.045000000000000005,108,4764.2920199999935
0.045000000000000005,112,9132.39202
0.045000000000000005,116,13500.49201999999
0.045000000000000005,120,17868.592019999996
0.045000000000000005,124,22236.692019999988
0.045000000000000005,128,26604.792019999993
0.045000000000000005,132,30972.89202
0.05,108,5263.497000000003
0.05,112,9673.497000000003
0.05,116,14083.497000000003
0.05,120,18493.497000000003
0.05,124,22903.497000000003
0.05,128,27313.497000000003
0.05,132,31723.497000000003
